study_id,study_code,product_codes,indication_ja,phase
HIMALAYA,D419CC00002,IMJUDO|IMFINZI,切除不能な肝細胞癌,III
POSEIDON,D419MC00004,IMJUDO|IMFINZI,切除不能な進行・再発の非小細胞肺癌,III
D4190C00006,D4190C00006,IMJUDO|IMFINZI,進行非小細胞肺癌,Ib
D4190C00022,D4190C00022,IMJUDO|IMFINZI,切除不能な進行肝細胞癌,
D4880C00010,D4880C00010,IMJUDO|IMFINZI,進行固形悪性腫瘍（国内）,I
PACIFIC,D4191C00001,IMFINZI,切除不能な局所進行の非小細胞肺癌（根治的化学放射線療法後）,III
ATLANTIC,D4191C00003,IMFINZI,局所進行又は転移性の非小細胞肺癌（2レジメン以上の治療歴）,II
ARCTIC,D4191C00004,IMFINZI,局所進行又は転移性の非小細胞肺癌（2レジメン以上の治療歴）,III
MYSTIC,D419AC00001,IMFINZI,進行又は転移性の非小細胞肺癌（化学療法歴なし）,III
NEPTUNE,D419AC00003,IMFINZI,進行又は転移性の非小細胞肺癌,III
AEGEAN,D9106C00001,IMFINZI,切除可能な非小細胞肺癌（術前・術後補助療法）,III
CASPIAN,D419QC00001,IMFINZI,進展型小細胞肺癌,III
ADRIATIC,D933QC00001,IMFINZI,限局型小細胞肺癌（根治的化学放射線療法後）,III
TOPAZ-1,D933AC00001,IMFINZI,治癒切除不能な胆道癌,III
DUO-E,D9311C00001,IMFINZI,進行・再発の子宮体癌,III
NIAGARA,D933RC00001,IMFINZI,筋層浸潤性膀胱癌（術前・術後補助療法）,III
POTOMAC,D419JC00001,IMFINZI,高リスク筋層非浸潤性膀胱癌,III
MATTERHORN,D910GC00001,IMFINZI,切除可能な胃又は食道胃接合部腺癌（術前・術後補助療法）,III
HAWK,D4193C00001,IMFINZI,再発又は転移性頭頸部扁平上皮癌,II
EAGLE,D4193C00002,IMFINZI,再発性又は転移性頭頸部扁平上皮癌,III
CONDOR,D4193C00003,IMFINZI,再発又は転移性頭頸部扁平上皮癌,II
